,TYPE,PROGRAM,ORG PHONE,DISTADD,DIS,DBIOSRTOZI,DAYS,HOURS
0,FP,"ABRAHAM HOUSE, INC",7182929321,340 WILLIS AVENUE,The Bronx,10454,SAT,6:30-7:30AM
1,FP,ABUNDANT GRACE FOR THE FORSAKEN FOOD PANTRY,3473504698,3101 EASTCHESTER ROAD,The Bronx,10469,SAT,9-11AM
2,SK,ACTS COMMUNITY DEVELOPMENT CORPORATION,7184151170,2114 MERMAID AVE,Brooklyn,11224,"WED,FRI",6:30-7:30PM
3,FP,ACTS COMMUNITY DEVELOPMENT CORPORATION,7184151170,2114 MERMAID AVE,Brooklyn,11224,TUE/THUR,6-7PM/11AM-12PM
4,FP,ADMIRABLE CHURCH INC,7186497531,1910 FLATBUSH AVENUE,Brooklyn,11210,SAT,10AM-12PM
5,SK,ADVENT LUTHERAN CHURCH,2126652504,2504 BROADWAY,New York,10025,SAT (4TH),12-1PM
6,FP,ADVENT LUTHERAN CHURCH,2126652504,2504 BROADWAY,New York,10025,SAT (1ST),10:30-11:30AM
7,FP,AFRICAN SERVICES COMMITTEE,2122223882,429 WEST 127TH STREET,New York,10027,MON-FRI,9AM-5PM
8,FP,AGAPE CHRISTIAN CENTER,9176044812,59-02 SUMMERFIELD ST. RIDGEWOOD,Queens,11385,SAT,12-1PM
9,FPHA,AIDS CENTER OF QUEENS COUNTY,7188962500,161-21 JAMAICA AVE - 6TH FLOOR,Queens,11432,"TUE,THUR",8:30-11AM
10,FPHA,AIDS CENTER OF QUEENS COUNTY,7184729400,62-07 WOODStaten IslandDE AVENUE - 3RD FLOOR,Queens,11377,"TUE, THUR",10AM-12PM
11,FPHA,AIDS CENTER OF QUEENS COUNTY (ACQC),7188688645,1600 CENTRAL AVENUE - 3RD FLOOR (FAR ROCKAWAY),Queens,11691,"WED,FRI",10AM-12PM
12,FP,ALL NATIONS BAPTIST CHURCH OF WOODHAVEN,7182962025,86-76 80TH STREET,Queens,11421,SAT,10-10:30AM
13,FP,"ALL PEOPLE'S CHURCH APOSTOLIC FAITH, INC",7187823703,182 TOMPKINS AVE,Brooklyn,11206,SAT,10-11:30AM
14,FP,ALLEN OUTREACH MINISTRY FEEDING PROGRAM,7185263510,111-54 MERRICK BLVD,Queens,11433,THUR,11AM-1PM
15,SK,ALLEN OUTREACH MINISTRY FEEDING PROGRAM,7185263510,111-54 MERRICK BLVD,Queens,11433,"MON,THUR",11AM-1PM
16,FP,AMMI EVANGELICAL BAPTIST CHURCH,7182827565,1799 FLATBUSH AVENUE,Brooklyn,11210,SAT,12:30-2PM
17,FP,ANOTHER CHOICE YOUTH AND FAMILY OUTREACH INC,2123696643,1765 MADISON AVE,New York,10029,FRI,10-11AM
18,SK,ANOTHER CHOICE YOUTH AND FAMILY OUTREACH INC,2123696643,1765 MADISON AVENUE,New York,10029,WED,12-1PM
19,FP,ANTIOCH OUTREACH MINISTRIES,2125345715,41 WEST 124TH STREET,New York,10027,SAT,7:30-11AM
20,FP,"ASCENStaten IslandON OUTREACH, INC",2122548620,12 WEST 11TH STREET,New York,10011,"SAT(2ND,4TH)",8:30-9:30AM
21,FP,ASTOR CHILD GUIDANCE CENTER,7182313400,750 TILDEN STREET,The Bronx,10467,THUR,2-2:30PM
22,FP,BAILEY HOUSE FOOD PANTRY,2126332500,1751 PARK AVENUE 3RD FLOOR,New York,10035,MON/WED,10AM-12PM/1-3:30PM
23,FP,BAY VIEW HOUSES REStaten IslandDENT ASSOCIATION,3472165909,2085 ROCKAWAY PARKWAY,Brooklyn,11236,THUR,10AM-2PM
24,FP,BEDFORD CENTRAL PRESBYTERIAN CHURCH,7184670740,1200 DEAN STREET,Brooklyn,11216,"THUR(1ST,2ND)",1-2:30PM
25,FPK,BENSONHURST COUNCIL OF JEWISH ORGANIZATIONS,7183331834,8635 21ST AVE,Brooklyn,11214,TUE,10AM-4PM
26,FP,BERACA SEVENTH DAY ADVENTIST CHURCH,7187401916,91-19 191 STREET,Queens,11423,WED,10-11:30AM
27,FP,BETH HARK CHRISTIAN COUNSELING CENTER,2128601523,1832 MADISON AVE @120 ST,New York,10035,TUE/THUR,1-3:30PM/3:30-6PM
28,SK,BETH HARK CHRISTIAN COUNSELING CENTER,2128601523,1832 MADISON AVENUE,New York,10035,"WED,THUR",12-2PM
29,FP,BETHANIE FRENCH SEVENTH-DAY ADVENTIST CHURCH,7186002334,2059 BEDFORD AVENUE,Brooklyn,11226,FRI,2-4PM
30,SK,BETHANew York BAPTIST CHURCH OF JAMAICA,7186596099,157-11 111TH AVE,Queens,11433,WED,12-3PM
31,FP,BETHANew York BAPTIST CHURCH OF JAMAICA,7186596099,157-11 111TH AVE,Queens,11433,TUE,11AM-1PM
32,FP,BETHANew York PANTRY,9175331679,48-08 91ST PLACE (ELMHURST),Queens,11373,SAT (3RD),9-10AM
33,SK,BETHANew York UNITED METHODIST CHURCH,7187745689,1208 ST. JOHN'S PLACE,Brooklyn,11213,TUE,12:30-2:30PM
34,FP,BETHEL AME CHURCH,2128620100,54-60 WEST 132ND STREET,New York,10037,THUR,9:30-11:30AM
35,FP,BETHEL AME CHURCH/BETHEL ARVERNE COMM.,7184747712,215 BEACH 77TH STREET,Queens,11692,THUR,11AM-1PM
36,SK,BETHEL GOSPEL TABERNACLE CHURCH,7182914452,110-25 GUY R. BREWER BLVD.,Queens,11433,"TUE,FRI/WED",12-2PM/9-10AM
37,FP,BETHEL GOSPEL TABERNACLE CHURCH,7182914452,110-25 GUY R. BREWER BLVD.,Queens,11433,WED,11AM-12PM
38,TYPE,PROGRAM,,DISTADD,DIS,DBIOSRTOZI,DAYS,HOURS
39,FP,BETH-EL HOUSE OF YAHWEH,7184010743,3482 PARK AVENUE,The Bronx,10456,SAT,8-9:30AM
40,SK,BETHEL SEVENTH-DAY ADVENTIST CHURCH,7187833630,457 GRAND AVENUE,Brooklyn,11238,SUN,1-2PM
41,FP,BETHEL SEVENTH-DAY ADVENTIST CHURCH,7187833630,457 GRAND AVENUE,Brooklyn,11238,WED,3-5PM
42,SK,BETHESDA MISStaten IslandONARY BAPTIST CHURCH,7182975908,179-09 JAMAICA AVENUE,Queens,11432,THUR,12-2PM
43,FP,BEULAH CHURCH OF GOD IN CHRIST JESUS,7186868500,956 MARCY AVENUE,Brooklyn,11216,"TUE,THUR",10:30AM-2PM
44,FP,BLACK FORUM OF CO-OP CITY,7183208035,920 BAYCHESTER AVE (REAR LOBBY LEVEL),The Bronx,10475,"TUE, THUR,FRI",11AM-12:45PM
45,FP,BLANCHE MEMORIAL CHURCH,7186582458,109-74 SUTPHIN BLVD,Queens,11435,TUE,9-9:30AM
46,FP,BLESSED ASSURANCE CHURCH OF GOD BLESSED ASSURA,3479651725,2093 FULTON STREET,Brooklyn,11233,SAT,9-11AM
47,FP,BLESSED SACRAMENT CHURCH (BrooklynLYN),7188271200,198 EUCLID AVENUE,Brooklyn,11208,WED,9:30-11:30AM
48,FP,BMCC PANTHER PANTRY,2122208195,199 CHAMBERS STREET - S230,New York,10007,"M,TU,W,F/THUR",9AM-5PM/9AM-6PM
49,FPK,BNAI RAPHAEL CHESED ORGANIZATION INC,7189512302,3846 FLATLANDS AVENUE,Brooklyn,11234,"M/TUE,W/THU",10A-1P/10A-4P/10A-6PM
50,FPHA,BOOM! HEALTH,7182955960,3144 3RD AVENUE,The Bronx,10451,MON-FRI,9AM-1PM
51,FP,BRIGHT TEMPLE A.M.E. CHURCH/PROJECT F.I.L.L.,7185427777,812 FAILE STREET,The Bronx,10474,"FRI (1,3)",10AM-12PM
52,SK,BROADWAY COMMUNITY,2128646100,601 WEST 114TH STREET,New York,10025,"M,W,F",10:15AM-2PM
53,FP,BROADWAY COMMUNITY,2128646100,601 WEST 114TH STREET,New York,10025,M/SAT(4),3-5PM/1-3PM
54,FP,BRONX BETHANew York COMMUNITY CORPORATION,7182315276,971 EAST 227TH STREET,The Bronx,10466,"WED(1,2,3,4)/TH(1,2,3,4",9-11AM/3-6PM
55,FP,BRONX SEVENTH DAY ADVENTIST CHURCH,7186187344,1695 WASHINGTON AVENUE,The Bronx,10457,"THUR(1,2,3,4)",2-5PM
56,FP,BRONX TEMPLE SDA CHURCH,7188424504,495 WILLIS AVENUE,The Bronx,10455,"TUE,THUR",12-1PM
57,FP,BRONX WORKS,7185083040,1130 GRAND CONCOURSE,The Bronx,10456,"SAT (1ST,3RD)",9AM-1PM
58,FP,BROOKLYN RESCUE MISStaten IslandON URBAN HARVEST CENTER IN,9174263001,919 GATES AVENUE,Brooklyn,11221,"TUE,WED,THUR",10AM-12PM
59,FP,BROOKLYN WEST FAMILY CENTER,7187226001,191 JORALEMON STREET,Brooklyn,11201,THUR,9:30AM-12PM&1:30-3PM
60,FP,BROWN MEMORIAL BAPTIST CHURCH FOOD PANTRY,7186386121,484 WASHINGTON AVENUE,Brooklyn,11238,TUE,9-11AM
61,FP,BROWNSVILLE TEMPLE SDA CHURCH,7183453689,1089 CLARKSON AVE,Brooklyn,11212,"SUN (1,3)",11AM-1PM
62,FP,BVM/ST. MARY'S CHURCH WINFIELD,7186724848,70-31 48TH AVE (WOODStaten IslandDE),Queens,11377,THUR,9:30AM-12PM
63,FP,CABRINI IMMIGRANT SERVICES OF NEW YORK CITY INC,2127914590,139 HENRY STREET,New York,10002,TUE,9:30AM-12:30PM
64,FP,CALVARY ASSEMBLY OF GOD,7183564555,4055 RICHMOND AVENUE,Staten Island,10312,SUN,1-3PM
65,FP,CALVARY BAPTIST CHURCH,7182972301,111-10 GUY BREWER BLVD,Queens,11433,WED/THUR,10AM-12PM/11:30AM-1:30PM
66,FP,CALVARY PENTECOSTAL CHURCH,7184698252,151 WOODRUFF AVENUE,Brooklyn,11226,THUR,11AM-1PM
67,FP,CALVARY'S MISStaten IslandON,7188490311,102-16 89TH AVENUE (RICHMOND HILL),Queens,11418,SAT,9-10AM
68,SK,CATHEDRAL OF ST. JOHN THE DIVINE,2123167583,1047 AMSTERDAM AVENUE @ W. 112TH ST.,New York,10025,SUN,10AM-2:30PM
69,FP,CATHOLIC CHARITIES,7187226001,2866 WEST 17TH STREET,Brooklyn,11224,MON,9:30AM-1:30PM
70,FP,CENTER FOR FAMILY LIFE,7184923585,443 39TH STREET,Brooklyn,11232,"M/W,THUR",10AM-1PM/11AM-1PM
71,FP,CENTER OF HOPE INTERNATIONAL,7187844673,38-49 12TH STREET (L.I.C.),Queens,11101,"TUE, THUR/WED",12-3PM/11AM-2PM
72,FP,CHANCE FOR CHILDREN,3476163228,11 McKEEVER PLACE - 1ST FLOOR (BASEMENT LEVEL),Brooklyn,11225,FRI,10AM-12:30PM
73,FP,CHILD DEVELOPMENT SUPPORT CORPORATION,7183982050,352-358 CLASSON AVE,Brooklyn,11238,THUR,12-2PM
74,FP,CHILDREN OF THE LIGHT INTERNATIONAL MINISTRIES INC,3477944130,1171 EAST 95TH STREET,Brooklyn,11236,W/F/SAT,4-6P/12-2P/2-4P
75,FP,CHRIST ABUNDANT LIFE MINISTRIES,7182730372,121 GRANDVIEW AVENUE,Staten Island,10303,THUR,6-7PM
76,FP,CHRIST APOSTOLIC CHURCH GOKE FOOD PANTRY,7182847479,622 CORTELYOU ROAD,Brooklyn,11218,"TUE(1,3)/SAT(2,4)",6:30-7:30PM/11AM - 2PM
78,FP,"CHRIST APOSTOLIC CHURCH OF AMERICA, INC",7186588981,108-02 SUTPHIN BLVD,Queens,11435,SAT,10AM-12PM
79,FP,CHRIST CHURCH INTERNATIONAL JOSEPH'S HOUSE,7182762799,122-20 MERRILL STREET,Queens,11434,"SAT (2,4)",10AM-12PM
80,SK,CHRIST CHURCH UNITED METHODIST,2128383036,524 PARK AVENUE @ 60TH ST.,New York,10065,SUN,4:30-6PM
81,FP,CHRIST DISCIPLES INTERNATIONAL MINISTRIES,7189945422,3021-31 WEBSTER AVENUE,The Bronx,10467,"WED,SAT/FRI",10:30AM-1PM/9-10PM
82,FP,CHRIST JESUS BAPTIST CHURCH,,1812 WHITE PLAINS ROAD,The Bronx,10462,WED,12-1:30PM
83,FP,CHRISTIAN CULTURAL CENTER,7183061000,1400 LINDEN BLVD,Brooklyn,11212,THUR,10AM-1PM
84,FP,CHRISTIAN FELLOWSHIP SDA COMMUNITY SVCS-F.P.,7184692050,777 SCHENECTADY AVENUE,Brooklyn,11203,"WED(1,2,3,4)",10:30AM-12:30PM
85,SK,CHRISTIAN FELLOWSHIP SDA COMMUNITY SVCS-S.K.,7184692050,777 SCHENECTADY AVENUE,Brooklyn,11203,"MON,TUE,WED",5-6PM
86,FP,CHRISTIAN PENTACOSTAL CHURCH,7182735850,900 RICHMOND ROAD,Staten Island,10304,TUE/WED,6-8PM/6-7:30PM
87,FP,CHURCH OF GOD (Brooklyn),7183464897,627-29 REMSEN AVE,Brooklyn,11236,SAT,1-2:30PM
88,FP,CHURCH OF GOD FEEDING THE HUNGRY,7182305955,836 CLASSON AVE,Brooklyn,11238,THUR,11:30AM-1:30PM
89,FP,CHURCH OF GOD OF SALVATION,7189418195,1615 NOSTRAND AVE,Brooklyn,11226,"TUE,THUR",9-11AM
90,FP,CHURCH OF GOD SEVENTH DAY PENTECOSTAL,7182219718,922 ST. MARKS AVE,Brooklyn,11213,TUE,4-6:30PM
91,FP,"CHURCH OF GOD, INC.",7184933031,1011 WINTHROP STREET,Brooklyn,11212,SAT,2-3PM
92,FP,CHURCH OF NOTRE DAME,2128661500,405 WEST 114TH STREET,New York,10025,TUE,2-4PM
93,FP,CHURCH OF PRAISE AND WORSHIP GOD IN CHRIST,3474625679,526 RALPH AVENUE,Brooklyn,11233,SAT,12:30-2:30PM
94,FP,CHURCH OF THE ANNUNCIATION,2122341919,88 CONVENT AVE. NEAR 132ND ST.,New York,10027,TUE,10:30-11:30AM
95,FP,CHURCH OF THE ATONEMENT FOOD PANTRY,7188286078,1344 BEACH AVENUE,The Bronx,10472,"SAT (2,4)",10AM-12PM
96,FP,CHURCH OF THE CRUCIFIXION,2122810900,459 WEST 149TH STREET,New York,10031,WED,10AM-1PM
97,FP,CHURCH OF THE VILLAGE UNITED METHODIST CHURCH,2122435470,201 WEST 13TH STREET,New York,10011,TUE,1-2:30PM
98,SK,CHURCH OF THE VILLAGE UNITED METHODIST CHURCH,2122435470,201 WEST 13TH STREET,New York,10011,SAT,12-2PM
99,FPM,CITY HARVEST - ASTORIA MOBILE MARKET,6464120740,7-1 ASTORIA BLVD,Queens,11102,"THUR(3),SAT(1)",9:30AM-12PM
100,FPM,CITY HARVEST - BED-STUY MOBILE MARKET,6464120740,736 PARK AVENUE,Brooklyn,11206,"WED(3),SAT(1)",9:30AM-12PM
101,FPM,CITY HARVEST - MARINER'S HARBOR MOBILE MARKET,6464120740,22 ROXBURY STREET,Staten Island,10303,"WED(1),SAT(3)",9:30AM-12PM
102,FPM,CITY HARVEST - MELROSE MOBILE MARKET,6464120740,286 EAST 156TH STREET,The Bronx,10451,"WED(4),SAT(2)",9:30AM-12PM
103,FPM,CITY HARVEST - ST. MARY'S MOBILE MARKET,6464120740,595 TRINITY AVENUE,The Bronx,10455,"TUE(4),SAT(2)",9:30AM-12PM
104,FPM,CITY HARVEST - STAPLETON MOBILE MARKET,6464120740,75 HILL STREET,Staten Island,10304,"TUE(1),SAT(3)",9:30AM-12PM
105,FPM,CITY HARVEST MOBILE MARKET - DYCKMAN HOUSES,6464120740,177 NAGLE AVENUE,New York,10034,"WED(2),SAT(4)",9:30-11:30AM
106,FPM,CITY HARVEST MOBILE MARKET - PRINCE HALL,6464120740,454 WEST 155TH STREET,New York,10032,"THU(2),SAT(4)",9:30-11:30AM
107,FPM,CITY HARVEST MOBILE MARKET - QUEENSBRIDGE HOUSES,6464120740,10-25 41ST AVENUE,Queens,11101,"TUE(2),SAT(4)",9:30-11:30AM
108,SKM,COALITION FOR THE HOMELESS,2123699220,108 EAST 51ST STREET,New York,10022,MON-FRI,6:30-10PM
109,FP,COME WORLD MINISTRIES INC,6463770132,1034 PROSPECT AVE,The Bronx,10459,WED,9-11AM
110,SK,COME WORLD MINISTRIES INC,6463770132,1034 PROSPECT AVE,The Bronx,10459,SAT,12-2PM
111,FP,COMMUNITY ALLIANCE INITIATIVE,7183054888,60-85 MYRTLE AVENUE,Queens,11385,WED,10AM -12PM
112,FP,COMMUNITY HEALTH ACTION OF STATEN ISLAND,7188081840,2134 RICHMOND TERRACE,Staten Island,10302,WED/FRI/SAT,12-4P/2-6P/10A-2P
113,FP,COMMUNITY IMPACT,2123167085,616 WEST 114TH STREET,New York,10025,"MON,THUR",12-2PM
114,FP,COMMUNITY LEAGUE OF THE HEIGHTS,2127954779,508 WEST 159TH STREET,New York,10032,"WED,SAT",9AM-11AM
115,FP,COMMUNITY SERVICES HOUStaten IslandNG DEVELOPMENT CORP.,6467945961,547 HOWARD AVE,Brooklyn,11233,THUR,10AM-12PM
117,SK,COMPASStaten IslandON HOUSE COMMUNITY DEVELOPMENT CORPO,7183868151,43 GEORGE STREET,Brooklyn,11206,"TUE (1,3)",8-9:30AM
118,FP,COMPASStaten IslandON HOUSE COMMUNITY DEVELOPMENT CORPO,7183868151,43 GEORGE STREET,Brooklyn,11206,"TUE,THUR(1,3)",9-11:30AM
119,SKK,CONGREGATION B'NAI JESHURUN,2127877600,257 WEST 88TH STREET,New York,10024,THUR,12-1PM
120,FP,CONVENT AVENUE BAPTIST CHURCH,6466985102,425 WEST 144TH STREET @ CONVENT AVE,New York,10031,"MON,THUR",9AM-12PM
121,FP,COOP CITY SDA CHURCH FOOD PANTRY,7183200518,1010 BAYCHESTER AVENUE,The Bronx,10475,WED,5:30-7PM
122,FP,COPO FOOD PANTRY,7184343266,1077 CONEY ISLAND AVENUE,Brooklyn,11230,FRI,1:30-4:50PM
123,FP,CORNERSTONE BAPTIST FOOD PANTRY,7185749000,562-574 MADISON STREET,Brooklyn,11221,TUE,11AM-2PM
124,FP,CORNERSTONE SEVENTH DAY ADVENTIST CHURCH,7184839753,138 PENNSYLVANIA AVE,Brooklyn,11207,THUR,10AM-12PM
125,SK,CORNERSTONE SEVENTH DAY ADVENTIST CHURCH,7184839753,138 PENNSYLVANIA AVE,Brooklyn,11207,SUN,11:30AM-1:30PM
126,FP,CORONA S.D.A. CHURCH,7184297050,35-30 103RD STREET,Queens,11368,MON,9-11AM
127,SK,CORONA S.D.A. CHURCH,7186514534,35-30 103RD STREET,Queens,11368,SUN,12-2PM
128,FP,CORPUS CHRISTI FOOD PANTRY,7182788114,31-30 61ST STREET,Queens,11377,WED,11AM-1PM
129,SK,"CRESTON AVENUE BAPTIST CHURCH OF CHRIST, INC",7183671754,114 EAST 188TH STREET,The Bronx,10468,SAT,12-2PM
130,FP,"CRESTON AVENUE BAPTIST CHURCH, INC",7183671754,114 EAST 188TH STREET,The Bronx,10468,"MON,WED,FRI",12-2PM
131,FP,CROSSOVER BAPTIST CHURCH COMMUNITY OUTREACH H,7183221200,85-12 101ST AVENUE,Queens,11416,"FRI/SUN(2ND,4TH)",9AM-12P/1-3PM
132,FP,CROSSROADS COMMUNITY SERVICES INC,2123780234,108 EAST 51ST STREET,New York,10022,THUR,11:30AM-2:30PM
133,SK,CROSSROADS COMMUNITY SERVICES INC,2123780234,108 EAST 51ST STREET,New York,10022,"M,W,SUN",7-8:30AM
134,FPK,CROWN HEIGHTS JEWISH COMMUNITY COUNCIL,7187719000,899 MONTGOMERY STREET,Brooklyn,11213,WED,1:30-3PM
135,FP,CUYLER WARREN U.M.C.,7186243300,424 DEAN STREET,Brooklyn,11217,TUE,1-2:45PM
136,FP,DAVIDSON COMMUNITY CENTER INC,7187316360,2038 DAVIDSON AVENUE,The Bronx,10453,WED,10-11AM
137,FP,DELIVERANCE TEMPLE CHURCH OF JESUS CHRIST,7185291993,134-10 ROCKAWAY BLVD SO. OZONE PARK,Queens,11420,TUE,5:30-6:30PM
138,FP,DEPARTMENT OF PROBATION BRONX OFFICE,7188024500,198 EAST 161ST STREET,The Bronx,10451,FRI,9AM - 12PM
139,FP,DEPARTMENT OF PROBATION BROOKLYN OFFICE,7184883640,345 ADAMS STREET - 6TH FLOOR,Brooklyn,11201,FRI,9AM - 12PM
140,FP,DEPARTMENT OF PROBATION MANHATTAN OFFICE,2128511403,127 WEST 127TH STREET,New York,10027,MON,9AM-12PM
141,FP,DEPARTMENT OF PROBATION QUEENS OFFICE,7186572544,162-24 JAMAICA AVENUE - 2ND FLOOR,Queens,11432,FRI,9AM - 12PM
142,FP,DEPARTMENT OF PROBATION STATEN ISLAND OFFICE,7188767395,340 BAY STREET,Staten Island,10301,MON,9AM-12PM
143,FP,DEWITT REFORMED CHURCH,2126743341,280 RIVINGTON STREET,New York,10002,"MON,THUR",10AM-12PM
144,FP,DIVINE FOOD PANTRY,5164151192,215-31 99TH AVENUE (QUEEN VILLAGE),Queens,11429,FRI/SAT,6-8PM/1:30-3PM
145,FP,E JOY COMMUNITY RESOURCE CENTER,7184825129,29-10 THOMSON AVENUE - SUITE 107EE (LIC),Queens,11101,"M,THUR/TUE,W,F",9AM-7PM/9AM-5PM
146,FP,EAST NEW YORK WESLEYAN CHURCH/NEW HOPE FAMILY,7183421305,817 LIVONIA AVENUE,Brooklyn,11207,SAT,10AM - 12PM
147,SK,EASTCHESTER PRESBYTERIAN CHURCH,7187981855,3154 FISH AVENUE,The Bronx,10469,THUR,5-6PM
148,FP,EBENEZER SEVENTH DAY ADVENTIST CHURCH,7187787900,1234 EAST NEW YORK AVENUE,Brooklyn,11212,WED,10:30AM-12PM
149,SK,EBENEZER SEVENTH DAY ADVENTIST CHURCH,7187787900,1234 EAST NEW YORK AVENUE,Brooklyn,11212,SUN,12:30-2PM
150,FP,EGLISE BAPTISTE DE LA COMMUNION FRATERNELLE,7186938214,2549 CHURCH AVENUE,Brooklyn,11226,SAT,12-4PM
151,FP,ELMCOR YOUTH & ADULT ACTIVITIES #2,7186510096,33-16 108TH STREET,Queens,11368,WED,10AM-2PM
152,FP,ELOHIM COMMUNITY DEVELOPMENT & OUTREACH INC,9174187906,"87-47 111TH STREET, RICHMOND HILLS",Queens,11418,FRI,9-11AM
153,FP,EMANUEL PENTECOSTAL FAITH CHURCH,7188424092,1310 ELDER AVE,The Bronx,10472,WED,5-6PM
154,FP,EMMAUS SDA CHURCH,7182872121,1144 FLATBUSH AVENUE,Brooklyn,11226,TUE,12-3PM
156,FPK,ESTHER GRUNBLATT-CENRAL QUEENS Y,7187048160,67-09 108TH STREET,Queens,11375,"M,TUE,THU/W",9AM-3PM/9AM-2PM
157,FP,EVANGEL FOOD PANTRY,7183615454,39-21 CRESENT STREET (LIC),Queens,11101,"SAT (1,2,3,4)",9-11AM
158,FP,EVANGELICAL CHURCH CHRIST IS THE LIGHT,7185922701,89-16 48TH AVENUE (ELMHURST),Queens,11373,FRI,9-11AM
159,FP,"EVERY DAY IS A MIRACLE, INC",3476181162,2427 MORRIS AVENUE,The Bronx,10468,FRI,9-11AM
160,SK,"FAITH CENTER FOR HUMAN SERVICES, INC",3476143235,1014-18 GATES AVENUE,Brooklyn,11221,SAT,9:30AM-12PM
161,FP,"FAITH CENTER FOR HUMAN SERVICES, INC",3476143235,1014-18 GATES AVENUE,Brooklyn,11221,SAT,9:30AM-12PM
162,FP,FAMILY INTEGRATION MINISTRY FOOD PANTRY,2129399292,1875 AMSTERDAM AVENUE,New York,10031,THUR,8-11AM
163,FP,FAMILY LIFE DEVELOPMENT CENTER,7186364938,1476 BEDFORD AVE,Brooklyn,11216,MON,4-6PM
164,FP,FAMILY SERVICE NETWORK OF N.Y. INC,7184556010,1420 BUSHWICK AVENUE,Brooklyn,11207,"MON,WED",9AM-1PM
165,FP,FATHER CREAVIN'S FOOD PANTRY,2122812100,276 WEST 151ST STREET,New York,10039,"TUE(2,3,4,5)",9-10AM
166,FP,FEEDING WITH TLC INC,7184470526,309 ST. PAULS AVENUE,Staten Island,10304,SAT,11AM-1PM
167,SK,FEEDING WITH TLC INC,7184470526,309 ST. PAULS AVENUE,Staten Island,10304,SAT,12-1PM
168,FP,FELLOWSHIP COVENANT CHURCH,7188292116,720 CASTLE HILL AVENUE,The Bronx,10473,WED,10-11:30AM
169,FP,FERNANDE VALME' MINISTRIES INC,7182841809,1120 FLATBUSH AVE,Brooklyn,11226,THUR,10-11AM
170,SK,FIRST BAPTIST CHURCH,7184460200,"100-10 ASTORIA BLVD., E. ELMHURST",Queens,11369,WED,12-1:45PM
171,SK,FIRST CHURCH OF GOD IN CHRIST,7187124831,187-10 BAISLEY BLVD,Queens,11412,WED,12-1:30PM
172,FP,"FIRST CHURCH OF GOD IN CHRIST, INC.",7187124831,187-10 BAISLEY BLVD,Queens,11412,THUR,1:30-3PM
173,SK,FIRST PRESBYTERIAN CHURCH OF JAMAICA,7185264775,89-60 164TH STREET,Queens,11432,WED,5:30-6:30PM
174,FP,FIRST PRESBYTERIAN CHURCH OF JAMAICA,7185264775,89-60 164TH STREET,Queens,11432,TUE/4TH SAT,10AM-12PM/9-11AM
175,FP,FIRST PRESBYTERIAN CHURCH OF SPRINGFIELD GDNS,7185287744,"216-02 137TH AVENUE, SPRINGFIELD GDNS",Queens,11413,WED,11AM-1:30PM
176,FP,FIRST PRESBYTERIAN RUSSELL SAGE MEMORIAL CHURCH,7183272440,8A9Y6 CENTRAL AVENUE (FAR ROCKAWAY),Queens,11691,SAT,9:30-10:30AM
177,FP,FIRST UNITED METHODIST CHURCH OF JAMAICA,7187392269,162-10 HIGHLAND AVENUE,Queens,11432,MON,8:30-9:30AM
178,FP,FLATBUSH SDA CHURCH,7186939180,261 EAST 21ST STREET,Brooklyn,11226,MON,11AM-1PM
179,SK,FOOD BANK FOR NEW YORK CITY,2126658747,252 WEST 116TH STREET,New York,10026,MON-FRI,3:30-4:30PM
180,FP,FOOD BANK FOR NEW YORK CITY,2126658747,252 WEST 116TH STREET,New York,10026,"TU,TH/W/SAT",11A-3:30P/1-8PM/11A-2PM
181,FP,"FOOD FIRST, INC",7186241950,165 CONOVER STREET,Brooklyn,11231,WED/FRI,11AM-1PM/10AM-12PM
182,FP,FOREST HILLS SENIORS CENTER,7186991010,108-25 62ND DRIVE,Queens,11375,"TH(2,3,4,5)/W (LAST)",8:30-9:30AM/6-8PM
183,SK,FRATERNITE NOTRE DAME,2128765855,2290 FIRST AVENUE,New York,10035,"TUE,W,THUR,FRI",10:30AM-1PM
184,FP,"FRATERNITE NOTRE DAME, INC",2128765855,2290 FIRST AVENUE,New York,10035,FRI,2-4PM
185,FPHA,GAY MEN'S HEALTH CRIStaten IslandS,2123671409,307 WEST 38TH STREET,New York,10018,"WED,FRI/THUR",1-4PM/11AM-2PM
186,SKH,GAY MEN'S HEALTH CRIStaten IslandS (GMHC),2123671257,307 WEST 38TH STREET,New York,10018,MON-THUR/FRI,12-2:45/5-7:30PM
187,FP,"GENEStaten IslandS TRANStaten IslandTIONAL HOUStaten IslandNG MINISTRIES, INC",7182176530,195-12 HOLLIS AVENUE,Queens,11412,FRI,9AM-12PM
188,FP,GETHSEMANE BAPTIST CHURCH,7182947129,771 FAIRMOUNT PLACE,The Bronx,10460,THUR,8-10AM
189,FP,GETHSEMANE SDA CHURCH,7184674181,357 EMPIRE BLVD,Brooklyn,11225,SUN/WED,12-1PM/5-6PM
190,FP,GETHSEMANE SOUL SAVING STATION,7189498662,145-41 228TH STREET,Queens,11413,WED,1-2PM
191,FP,GIVE THEM TO EAT,7189938378,800 EAST 156TH STREET,The Bronx,10455,FRI,1:30-3:30PM
192,SK,GIVE THEM TO EAT,7189938378,800 EAST 156TH STREET,The Bronx,10455,TUE,1-3PM
193,FP,GLOVER MEMORIAL BREAD OF LIFE FOOD PANTRY,3474323065,2134 DEAN STREET,Brooklyn,11233,THUR,9-11AM
195,FP,GOD'S BATTALION OF PRAYER CHURCH,7187745447,661 LINDEN BOULEVARD,Brooklyn,11203,"TUE,THUR",9AM-12PM
196,FP,"GOD'S DELIVERANCE TEMPLE, INC",3472343828,438 RALPH AVENUE,Brooklyn,11233,TUE,11AM-12PM
197,FP,GOOD NEWS DELIVERANCE TABERNACLE,7182350065,442 CLEVELAND STREET,Brooklyn,11208,SAT,11AM-1PM
198,FP,GOOD SHEPHERD FOOD PANTRY,2125671300,104 COOPER ST. NEAR W. 207TH,New York,10034,SAT,7:30-9AM
199,FP,GOSPEL ASSEMBLY - QUEENS,7184540192,109-14 FARMERS BLVD,Queens,11412,SAT,10AM -12PM
200,SK,GRACE EPISCOPAL CHURCH,7185421946,1909 VYSE AVENUE,The Bronx,10460,"TUE,SAT",12-1:30PM
201,FP,GRACE EPISCOPAL CHURCH  (The Bronx),7185421946,1909 VYSE AVE,The Bronx,10460,THUR,9AM-12PM
202,SK,GRAND CENTRAL NEIGHBORHOOD SOCIAL SERVICE CORP.,2128830680,120 EAST 32ND STREET,New York,10016,MON-SUN,6:30-7:30A/12-1:30P/4-6P
203,FP,GRAND CONCOURSE SDA CHURCH,7186812232,1275 GRAND CONCOURSE,The Bronx,10452,WED(CLOSED 5TH WE,1):30-4PM
204,FP,GREENPOINT REFORMED CHURCH FOOD PANTRY,7183835941,136 MILTON STREET,Brooklyn,11222,THUR,4-7PM
205,FP,GUTTMAN COMMUNITY COLLEGE CAMPUS PANTRY,6463138857,50 WEST 40TH STREET,New York,10018,"M,TUE,THU, F/W",8AM-5PM/9AM-5PM
206,FP,HANSON PLACE SEVENTH DAY ADVENTIST CHURCH,7183997513,150 SOUTH PORTLAND AVENUE,Brooklyn,11217,THUR,3-5PM
207,FP,HARLEM COMMUNITY NUTRITIONAL SERVICES,2126667538,132 WEST 125TH STREET 5TH FL.,New York,10027,TUE-THUR,10-11:30AM
208,FP,HARLEM DOWLING WEST Staten IslandDE CENTER/SPECIALIZED SERV,2127493656,2139 ADAM CLAYTON POWELL JR. BLVD @ 127TH STRE,NTY,10027,"TUE/FRI(2,3,4,5)",12-2PM
209,FP,HARVEST OF SOULS/HOLY GHOST,2123696354,13-15 EAST 125TH STREET,New York,10035,FRI,10AM-12PM
210,FP,HEALTH ESSENTIAL ASSOCIATION CPMM,6465156898,2336 86TH STREET,Brooklyn,11214,"THUR (1,3)",10AM-12PM
211,FP,HEALTH ESSENTIAL ASSOCIATION INC,6465156898,2101 EAST 16TH STREET - 2ND FLOOR,Brooklyn,11229,FRI,10AM-12PM
212,FP,HEAVENLY VIStaten IslandON CHRISTIAN CENTER,7182208124,2868 JEROME AVE,The Bronx,10468,TUE,9-11AM
213,FP,HEBREW EDUCATIONAL SOCIETY,7182413000,9502 SEAVIEW AVENUE,Brooklyn,11236,"TUE,THUR/WED",10AM-1PM/4-7PM
214,FP,HEBRON SDA CHURCH,7187786454,1256 DEAN STREET,Brooklyn,11216,"WED(1,3)",9-10:30AM
215,SK,HEBRON SDA CHURCH,7187786454,1256 DEAN STREET,Brooklyn,11216,SUN,12:30-2PM
216,FP,HOLDING HANDS MINISTRIES,7182384000,6324 7TH AVENUE,Brooklyn,11220,SAT,9AM-12:30PM
217,FP,HOLLIS AVENUE CONGREGATIONAL CHURCH,7184681498,"211-04 HOLLIS AVE., QUEENS VILLAGE",Queens,11429,TUE,11AM-1PM
218,FP,HOLLIS COMMUNITY CHRISTIAN CENTER,7182173999,191-22 JAMAICA AVENUE,Queens,11423,SAT,10AM-12PM
219,FP,HOLLIS PRESBYTERIAN CHURCH,7187764646,100-50 196TH STREET,Queens,11423,MON,11AM-12PM
220,SK,HOLY APOSTLES SOUP KITCHEN,2129240167,296 NINTH AVENUE @ 28TH ST.,New York,10001,MON-FRI,10:30AM-12:30PM
221,FP,HOLY CROSS FOOD PANTRY - BROOKLYN,7184695900,2530 CHURCH AVENUE,Brooklyn,11226,"TUE,THUR",2-3:30PM
222,SK,HOLY GHOST PENTECOSTAL CHURCH,2123696354,13-15 EAST 125TH STREET,New York,10035,WED,12-1:30PM
223,FP,"HOLY GHOST UPPER ROOM FILLING STATION MINISTRY, IN",7185292060,146-17 133RD AVENUE,Queens,11436,SAT,10-11AM
224,FP,HOLY INNOCENTS,7184699500,279 EAST 17TH STREET,Brooklyn,11226,WED,9:30-11AM
225,FP,HOLY NAME OF JESUS - ST. GREGORY THE GREAT,2129328040,207 WEST 96TH STREET,New York,10025,MON,11AM-2:30PM
226,FP,HOLY TABERNACLE CHURCH INC.,7182939862,3780 THIRD AVENUE,The Bronx,10456,TUE,4:30-5PM
227,SK,HOLY TABERNACLE CHURCH INC.,7182939862,3780 THIRD AVENUE,The Bronx,10456,TUE,3:30-4:30PM
228,FP,"HOLY TEMPLE CHURCH, INC",3476860501,136-25 SPRINGFIELD BLVD,Queens,11413,SAT,11AM-12PM
229,SK,HOPE CENTER DEVELOPMENT CORPORATION,7183851043,409 EAST 95TH STREET,Brooklyn,11212,"SAT(1,2,3,4)",11AM-1:30PM
230,FP,HOPE CENTER DEVELOPMENT CORPORATION,7183851043,414 EAST 95TH STREET,Brooklyn,11212,"SAT(1,2,3,4)",11AM-1:30PM
231,SK,HOPE CITY EMPOWERMENT CENTER,7188575698,650-656 WASHINGTON AVENUE,Brooklyn,11238,"TUE,THU,F/SAT",12:30-1:30PM/9-11AM
232,FP,HOREB SDA COMMUNITY SERVICES,7187787373,520 KINGSTON AVE,Brooklyn,11225,TUE,10-11AM
234,FP,HOUR CHILDREN COMMUNITY OUTREACH,7184828226,36-49 11TH STREET (LIC),Queens,11106,MON/TUE/THUR,2-4PM/10:3A-12:3P/3-5PM
235,FP,ICNA FLUSHING FOOD PANTRY,9293297986,140-32 CHERRY AVENUE,Queens,11355,WED,12-2PM
236,FP,ICNA RELIEF USA FOOD PANTRY,7186582028,273 NEPTUNE AVENUE,Brooklyn,11235,MON,11AM-1PM
237,FP,IGLEStaten IslandA ALIANZA MIStaten IslandONERA EBENEZER,7187291944,43-02 38TH STREET (L.I.C.),Queens,11101,SAT,11AM-1PM
238,FP,INSPIRATIONAL GOSPEL ASSEMBLY,3477586447,1211 BROOK AVENUE,The Bronx,10456,SAT,11AM-1PM
239,FP,INTERNATIONAL PENTECOSTAL CHURCH,2125683531,619 WEST 179TH STREET,New York,10033,TUE,12-2PM
240,FP,INTERNATIONAL PENTECOSTAL CITY MISStaten IslandON,7183429005,9202-14 CHURCH AVE,Brooklyn,11236,SAT,11AM-1PM
241,SK,IRIS HOUSE,6465480100,2348 ADAM CLAYTON POWELL JR. BLVD,New York,10030,"TUE,W,THUR,F",1-2PM
242,FP,IRIS HOUSE,6465480100,2348 ADAM CLAYTON POWELL JR. BLVD,New York,10030,THUR,2-4PM
243,SK,ISAIAH'S TEMPLE OF MT. HOPE,7182774038,862 GLENMORE AVE,Brooklyn,11208,"TUE,THUR",2-4PM
244,FP,ISAIAH'S TEMPLE OF MT. HOPE,7182774038,862 GLENMORE AVE,Brooklyn,11208,THUR,2-4PM
245,FP,J.U.S.T.I.C.E. ORGANIZATION/JESUS IS JUSTICE MISStaten IslandON IN,7187727951,223 BEACH 28TH STREET (FAR ROCKAWAY),Queens,11691,WED,12-2PM
246,FP,JAMAICA BENEVOLENT ARM & CULTURAL CENTER,6469079858,2230 LIGHT STREET,The Bronx,10466,"SAT (2,4)",10AM-12PM
247,FP,JAMAICA HISPANIC SDA CHURCH,7187365291,88-28 161 STREET,Queens,11432,SUN,8-9AM
248,FP,JAMAICA SEVENTH DAY ADVENTIST CHURCH,7186589784,88-28 163 STREET,Queens,11432,SUN,9:30-11:30AM
249,SK,JAN HUS PRESBYTERIAN CHURCH/HOMELESS OUTREACH,2122886743,9R2O1 GMRAADMISON AVENUE,New York,10021,TUE,5:45-7PM
250,FP,JAN HUS PRESBYTERIAN CHURCH/HOMELESS OUTREACH,2122886743,1R6O1 GERAASMT 104TH STREET,New York,10029,"WED, FRI",9AM - 1PM
251,FP,JESUS IS THE ANSWER - J.I.T.A. COMMUNITY OUTREACH,7189086303,103-02 171ST STREET,Queens,11433,"TUE, SAT",3-5PM
252,FPK,JEWISH COMMUNITY CENTER OF STATEN ISLAND,7184755242,1466 MANOR ROAD,Staten Island,10314,M-THUR/FRI,10:30A-7/10:30A-12:30P
253,FPK,JEWISH COMMUNITY COUNCIL OF CANARStaten IslandE   #1,7189222474,1170 PENNSYLVANIA AVE,Brooklyn,11239,WED,9-11AM
254,FPK,JEWISH COMMUNITY COUNCIL OF PELHAM PARKWAY,7187924744,2157 HOLLAND AVE,The Bronx,10462,"TUE,WED,THUR",12-4PM
255,FPK,JEWISH COMMUNITY COUNCIL OF THE ROCKAWAY PENINS,7183276060,1525 CENTRAL AVE,Queens,11691,"TUE,THUR",9:30AM - 1:30PM
256,FPK,JEWISH COMMUNITY COUNCIL OF WASHINGTON HGTS,2125685450,121 BENNETT AVENUE #11A,New York,10033,"TUE,WED,THUR",11AM-1PM
257,FPK,JEWISH INSTITUTE OF QUEENS,7184269369,60-05 WOODHAVEN BLVD (ELMHURST),Queens,11373,FRI,10:30AM-12PM
258,FPK,KEHILAT SEPAHRDIM OF AHVAT ACHIM,7185919574,"150-62 78TH ROAD, FLUSHING",Queens,11367,"MON,WED/SUN",10AM-2PM/10AM-4PM
259,FP,KING EMMANUEL MISStaten IslandONARY BAPTIST CHURCH,7187731650,207A BAINBRIDGE STREET,Brooklyn,11233,"THUR,FRI",10:30AM-12PM
260,FP,KINGLAWN UNITED PRESBYTERIAN CHURCH,7182410736,2368 RALPH AVENUE,Brooklyn,11234,"SAT(2,4)",10-11AM
261,FPK,KINGS BAY Y FOOD PANTRY,7186487703,3495 NOSTRAND AVENUE,Brooklyn,11229,MON/FRI,11AM-3PM/11AM-1PM
262,FP,KINGSBOROUGH COMMUNITY COLLEGE,7183684660,2001 ORIENTAL BLVD - T4-265,Brooklyn,11235,MON-FRI,10AM-4PM
263,FP,LA JORNADA,9178805693,135-32 38TH AVENUE,Queens,11354,SAT,1-3PM
264,FP,LAS MARAVILLAS DEL EXODO,7182354801,302 ELTON STREET,Brooklyn,11208,WED,11AM-12PM
265,FP,LEVITICUS CHURCH,7183221095,114-12 VAN WYCK EXPRESSWAY,Queens,11420,WED/SAT,1-2PM/12-1PM
266,FP,LIGHTHOUSE OF HOPE OUTREACH AND RESOURCE CENTE,,66 EAST 96TH STREET,Brooklyn,11212,SAT,10AM-1PM
267,FPK,LILLIAN WALD FOOD PANTRY,2122602731,12 AVENUE D,New York,10009,THUR,9:30-11:30AM
268,FP,LINDEN SDA CHURCH COMMUNITY SERVICES,7185274072,228-20 137TH AVENUE,Queens,11413,SUN,10AM-12PM
269,FP,LITTLE JERUSALEM HOUSE OF PRAYER,7189227446,447 HERZL STREET,Brooklyn,11212,"SAT (2,4)",1-2PM
270,SK,LITTLE ROCK BAPTIST CHURCH INC,7184956772,375 BRISTOL STREET,Brooklyn,11212,"TUE,THUR",11:30AM-1PM
271,FP,LITTLE Staten IslandSTERS OF THE ASSUMPTION FAMILY HEALTH SER,6466725200,333 EAST 115TH STREET,New York,10029,"TUE, WED/WED",9:30-11:30AM/1:30-3:30PM
272,FP,LOS REDIMIDOS EN LA SANGRE DE CRISTO,6464083909,609 EAST 182ND STREET,The Bronx,10457,WED,1-2PM
274,FP,LOST SHEEP CHRISTIAN CHURCH/FEED MY SHEEP COMMU,3472353723,1104 ELDER AVENUE #15,The Bronx,10472,SAT,1:30 - 4:30PM
275,SK,LOYAL BAPTIST CHURCH,7183283512,881 EAST 167TH STREET,The Bronx,10459,THUR,11AM-3PM
276,FP,MACEDONIA AME CHURCH,7183535870,106-16 GUY R. BREWER BLVD,Queens,11433,TUE,10-11:30AM
277,SK,MACEDONIA AME CHURCH,7183535870,106-16 GUY R. BREWER BLVD,Queens,11433,TUE,10-11:30AM
278,FP,MACEDONIA CH. ASSEMBLY OF GOD-BREAD OF LIFE FOOD,2124103412,340 EAST 106TH STREET,New York,10029,FRI,9-10:30AM
279,FP,MAKE THE ROAD NEW YORK,7184187690,301 GROVE STREET,Brooklyn,11237,FRI,7-10AM
280,FP,MAKE THE ROAD NEW YORK,7185658500,92-10 ROOSEVELT AVENUE,Queens,11372,WED,7-10AM
281,FP,MAMRE ENRICHMENT PROGRAM,6466178775,1623 UTICA AVENUE,Brooklyn,11234,"WED(3),SUN(1ST)",10AM-12PM
282,SKM,"MANNA OF LIFE MINISTRIES, INC",3475775788,1101 BOSTON ROAD,The Bronx,10456,SAT,11AM-1PM
283,FP,"MANNA OF LIFE MINISTRIES, INC",3475775788,1101 BOSTON ROAD,The Bronx,10456,"TUE,THU,SAT",11AM-1PM
284,SKK,MASBIA OF FLATBUSH,7189724446,1372 CONEY ISLAND AVE,Brooklyn,11230,SUN - THUR,4-7PM
285,FPK,MASBIA OF FLATBUSH,7189724446,1372 CONEY ISLAND AVE,Brooklyn,11230,SUN - THUR,4-7PM
286,SKK,MASBIA OF QUEENS,7185347321,105-47 64TH ROAD,Queens,11375,MON-THUR&SUN,2-6PM
287,FPK,MASBIA OF QUEENS,7185347321,105-47 64TH ROAD,Queens,11375,MON-THUR&SUN,2-6PM
288,FP,MAV MARKET AT MERCY COLLEGE,7186788209,1200 WATERS PLACE,The Bronx,10461,M/TH,5-7PM/11AM-5PM
289,FP,MCCNew York CHARITIES,2126297440,446 WEST 36TH STREET,New York,10018,THUR,8:30-10AM
290,FP,MEDGAR EVERS COLLEGE COUGAR COUNTRY FOOD PANT,7188048269,1637 BEDFORD AVENUE - ROOM 317,Brooklyn,11225,"TUE/W,SAT",5-7/10AM-2PM
291,FPK,MEStaten IslandVTHA OF STATEN ISLAND,7183565412,1870 DRUMGOOLE ROAD EAST,Staten Island,10309,WED,2:30-3:30PM
292,FPK,METROPOLITAN COUNCIL ON JEWISH POVERTY,7187635318,5361 PRESTON COURT,Brooklyn,11234,TUE/THUR,1-3PM/10AM-12PM
293,FP,MINISTRY TOOLS INC,7185290005,170-20 140TH AVE,Queens,11434,SAT,12-2PM
294,FPM,MOBILE FOOD PANTRY,6463850748,309 DRAKE STREET,The Bronx,10474,TUE-FRI,10AM -12PM
295,FPHA,MOMENTUM PROJECT @ CHURCH OF THE GOD OF PROPH,7182927718,85 EAST 165TH STREET,The Bronx,10452,WED,11AM-1PM&4-6:30PM
296,SKH,MOMENTUM PROJECT @ CHURCH OF THE GOD OF PROPH,7182927718,85 EAST 165TH STREET,The Bronx,10452,WED,11AM-1PM&4-6:30PM
297,FPHA,MOMENTUM PROJECT @ MIDDLE COLLEGIATE CHURCH,7182927718,50 EAST 7TH STREET,New York,10003,MON,4-6:30PM
298,FPHA,MOMENTUM PROJECT @ ST. PETER'S CHURCH,7182927718,619 LEXINGTON AVENUE,New York,10022,TUE,4-:6:30PM
299,SKH,MOMENTUM PROJECT @ ST. PETER'S CHURCH,7182927718,619 LEXINGTON AVENUE,New York,10022,TUE,4-6:30PM
300,SKH,MOMENTUM PROJECT HRC - HARM REDUCTION CENTER,7182927718,226 EAST 144TH STREET,The Bronx,10451,FRI,12:30-1:15PM
301,FP,MORE GRACE REDEMPTIVE CENTER,7186937074,11 WOODS PLACE,Brooklyn,11226,TUE,11AM-1PM
302,FP,MORE THAN CONQUERORS GLOBAL MINISTRIES INC,7185283334,153-56 ROCKAWAY BLVD,Queens,11434,SAT,4-6PM
303,FP,MORRIS BROWN HELPING HAND FOOD PROGRAM,7183227596,145-03 ROCKAWAY BLVD (SO. OZONE PARK),Queens,11436,WED,10AM-12PM
304,SK,MORRIS BROWN HELPING HAND FOOD PROGRAM,7183227596,145-03 ROCKAWAY BLVD (SO. OZONE PK),Queens,11436,MON,1-2PM
305,FP,MORRISANIA BAPTIST CHURCH,3479189934,551 EAST 169TH STREET,The Bronx,10456,"SAT(3,4)",9-11:30AM
306,FP,MORRISANIA REVITALIZATION CORP INC,7185897858,576 EAST 165TH STREET,The Bronx,10456,FRI,10AM-12PM
307,FP,MOSHOLU MONTEFIORE COMMUNITY CENTER FP,7188824000,3450 DEKALB AVENUE,The Bronx,10467,"TUE(2,4),TH(2,4)",10AM-1PM&3-5PM
308,FP,MOUNT CARMEL WORSHIP AND OUTREACH CENTER,3476272226,784 EAST 46TH STREET,Brooklyn,11203,MON,12-2PM
309,FP,MOUNT PISGAH BAPTIST CHURCH,9148827383,709 EAST 228TH STREET,The Bronx,10466,"SAT(2,3)",11AM-1PM
310,FP,MOUNT Staten IslandNAI SDA CHURCH,7184651784,217-10 93RD AVENUE,Queens,11428,WED,5-7PM
311,FP,MOVEMENT OF PENTECOSTAL CHRISTIAN CHURCH,7182531941,90-92 SUMMIT STREET,Brooklyn,11231,SUN,12:30-2PM
313,FP,MT. HEBRON CHURCH OF CHRIST,7183858226,167 CHESTER STREET,Brooklyn,11212,SAT,9-10:30AM
314,FP,MT. OLIVET BAPTIST CHURCH COMMUNITY MEAL PROGRA,2128641155,201 LENOX AVE,New York,10027,"TUE,WED",10:30-11:30AM
315,FP,MT. OLIVET GOSPEL CHURCH,7184780780,"33-27 97TH STREET, CORONA",Queens,11368,WED,5:30-6:30PM
316,FP,NARROW DOOR I.M.C.,2125671052,161 SHERMAN AVENUE,New York,10034,SAT,10AM-12PM
317,SK,NATIONAL COUNCIL OF JEWISH WOMEN,2127997205,241 WEST 72ND STREET,New York,10023,WED/SUN,5-6PM/11:30AM-12:30PM
318,FP,NATIONAL COUNCIL OF JEWISH WOMEN,2127997205,241 WEST 72ND STREET,New York,10023,MON,10:30AM-2PM
319,FP,NATIONAL SORORITY OF PHI DELTA KAPPA,7187231119,117-08 MERRICK BLVD,Queens,11434,TUE/THUR,11AM-1PM/3:30-5:30PM
320,FPK,NAT'L COMM. FOR FUTH. OF JEWISH ED.(UC),7187350200,824 EASTERN PARKWAY,Brooklyn,11213,FRI,12-1PM
321,FP,NAZARETH HOUStaten IslandNG INC,2124777017,206 EAST 4TH STREET,New York,10009,TUE,10AM-2PM
322,SK,NEIGHBORS TOGETHER,7184987256,2094 FULTON STREET,Brooklyn,11233,MON-THUR/FRI,12-2PM & 4-6PM/12-2PM
323,FP,"NEW ALTERNATIVE FOR CHILDREN, INC",2129947919,37 WEST 26TH STREET - 6TH FLOOR,New York,10010,"MON, TUE",2-5PM
324,FP,NEW CONVENANT COMMUNITY DEVELOPMENT CORP,7183286072,1175 BOSTON ROAD,The Bronx,10456,TUE/THUR,4-6PM/10AM-1PM
325,FP,NEW LIFE COMMUNITY DEVELOPMENT CORPORATION,7184240122,82-10 QUEENS BLVD (ELMHURST),Queens,11373,TUE/SAT,6-8PM/10AM-12PM
326,FP,NEW LIFE SDA CHURCH,7183850463,885-87 THOMAS BOYLAND STREET,Brooklyn,11212,SUN/MON/TUE,8-10AM/5-7PM/6-8PM
327,FP,NEW ST. JOHN BAPTIST CHURCH,7182204148,2409 LORILLARD PLACE,The Bronx,10458,FRI,8-10AM
328,SK,NEW YORK CITY LOVE KITCHEN INC,2129424204,3816 9TH AVE,New York,10034,MON-FRI,4:30-6:30PM
329,FP,NEW YORK COMMON PANTRY,9177209700,8 EAST 109TH STREET,New York,10029,WED-SAT,10AM-2:30PM
330,SK,NEW YORK COMMON PANTRY,9177209700,8 EAST 109TH STREET,New York,10029,"M-W/THU&F/M,W,F",8-9:3A/8-9:15A/4:3-6PM
331,FP,NEW YORK COMMON PANTRY - BRONX,9174232701,1290 HOE AVENUE,The Bronx,10459,"TH,F,SAT",10AM-2:30PM
332,FP,NEW YORK SCHOOL OF URBAN MINISTRY,7182046471,31-65 46TH STREET,Queens,11103,FRI,10AM-12PM
333,FP,NEWMAN MEMORIAL UNITED METHODIST CHURCH COMMU,7186227955,2N5T7 MCOACROPONR SATTRIOEENT,Brooklyn,11216,TUE,10AM-2PM
334,SK,NEWMAN MEMORIAL UNITED METHODIST CHURCH COMMU,7186227955,2N5T7 MCOACROPONR SATTRIOEENT,Brooklyn,11216,TUE,9:30-10:30AM&12-1:30PM
335,FP,NORTHEAST BROOKLYN HOUStaten IslandNG DEVELOPMENT CORPO,7184539490,376 THROOP AVENUE,Brooklyn,11221,"TUE,THUR",10AM-12PM
336,FP,NORTHEAST CONFERENCE COMMUNITY CENTER SDA,3475272444,99-13 NORTHERN BLVD,Queens,11368,TUE/WED(SR ONLY),12-1PM
337,FP,ONE WAY CHURCH OF CHRIST,7185254260,216-11 MERRICK BLVD.,Queens,11413,SAT,11AM-1PM
338,FPK,ONEG SHABBOS,7186868174,1601 41ST STREET,Brooklyn,11218,THUR,6-9PM
339,FP,OPEN DOOR TO HEAVEN OUTREACH MINISTRY INC,3478220714,474 SHEPHERD AVENUE,Brooklyn,11208,"SAT (1,3)",12:30-1:30PM
340,SK,OPIN (OTHER PEOPLE IN NEED),7184988845,1768 ST. JOHNS PLACE,Brooklyn,11233,WED,7-9PM
341,FP,OUR LADY OF ANGELS HUMAN SERVICES,7186806344,336 73RD STREET,Brooklyn,11209,WED,10AM-12PM&1:30-2:30PM
342,FP,OUR LADY OF GOOD COUNSEL CHURCH (STATEN ISLAND),7184471503,42 AUSTIN PLACE,Staten Island,10304,SAT,10-11AM
343,FP,OUR LADY OF GRACE MINISTRY,7188456635,158-10 101ST ST.- HOWARD BEACH,Queens,11414,"TUE,THUR",10AM-1PM
344,FP,OUR LADY OF GRACE PARISH MINISTRY,7186452120,2322 EAST 4TH STREET,Brooklyn,11223,MON-FRI,9-11:30AM
345,SKM,OUR LADY OF GRACE PARISH MINISTRY,7186452120,2322 EAST 4TH STREET,Brooklyn,11223,WED/FRI,12-12:30PM/9-11:30AM
346,FP,OUR LADY OF MERCY CHURCH,7183463166,680 MOTHER GASTON BLVD.,Brooklyn,11212,"MON,FRI",9-11AM
347,FP,OUR LADY OF MIRACLES-CANARStaten IslandE CLUSTER CENTER,7182572400,757 EAST 86TH STREET,Brooklyn,11236,SAT,10-11:30AM
348,FP,OUR LADY OF REFUGE,7183674690,290 EAST 196TH STREET,The Bronx,10458,WED,9-10AM
349,FP,OUR LADY OF REFUGE R.C. CHURCH,7184342090,2020 FOSTER AVE.,Brooklyn,11210,WED,10AM - 1PM
350,FP,OUR LADY OF SORROWS,2126730900,213 STANTON STREET,New York,10002,"TUE,THUR",9:30-10:30AM
352,SK,"PARK SLOPE CHRISTIAN HELP, INC",7182372962,200 4TH AVENUE,Brooklyn,11217,MON-THUR/SAT,11:30AM-1PM/11:30AM-2PM
353,FP,PART OF THE SOLUTION,7182204892,2759 WEBSTER AVENUE,The Bronx,10458,MON-SAT,9AM-12PM
354,SK,PART OF THE SOLUTION (P.O.T.S.),7182204892,2759 WEBSTER AVENUE,The Bronx,10458,MON-SUN,12:30-3:30PM
355,SK,PATHHSEO INC,7188422484,1288 REV. JAMES A. POLITE,The Bronx,10459,SAT,12-2PM
356,FP,PENIEL HAITIAN CHURCH OF C AND MA,7184693685,2741 ALBEMARLE ROAD,Brooklyn,11226,SAT/SAT(2ND),10AM-12PM/1-3PM
357,FP,PENIEL SDA CHURCH,3479337760,1210 UTICA AVENUE,Brooklyn,11203,FRI,10AM-12PM
358,FP,POMONOK FOOD PANTRY,7185916060,67-09 KISSENA BLVD,Queens,11367,THUR,12-1PM
359,FP,"POWER PRAISE AND DELIVERANCE, INC",3474090288,120 EAST 184TH STREET,The Bronx,10468,FRI,12-4PM
360,FP,PRESBYTERIAN CHURCH OF THE CROSSROADS,7182359843,133 ELTON STREET,Brooklyn,11208,"WED (1,2,3,4)",9-10AM
361,FP,PRODIGAL CENTER,7186448523,709 TIFFANew York STREET,The Bronx,10474,"TUE,THUR",11AM-3PM
362,FP,PROJECT CREATE - ANTHONew York HOUSE,2126631975,73 LENOX AVE,New York,10026,WED,9AM-12PM
363,FP,"PROJECT HOSPITALITY, INC.",7188150800,514 BAY STREET,Staten Island,10304,"TUE, THUR",9-11AM&1-3PM/9-11AM
364,SK,"PROJECT HOSPITALITY, INC.",7188150800,514 BAY STREET,Staten Island,10304,"TUE, THUR",12-1PM
365,FPK,PROJECT L.E.A.D.,7184956210,85-12 126TH STREET (KEW GARDENS),Queens,11415,SUN,7:30-9:30AM
366,FP,QUEENSBORO TEMPLE SDA CHURCH,7187768538,96-50 222ND STREET,Queens,11429,WED(2ND&4TH),3-6PM
367,FP,RAUSCHENBUSCH METRO MINISTRIES INC.,2125944464,410 WEST 40TH STREET,New York,10018,"SAT(1,2,3,4)",11-11:30AM
368,FP,REACHING-OUT COMMUNITY SERVICES INC,7183734565,7708 NEW UTRECHT AVE,Brooklyn,11214,MON-FRI,10AM-5PM
369,FP,REDEEMED CHRISTIAN CHURCH OF GOD,7182938996,1001-1005 MORRIS AVENUE,The Bronx,10456,TUE,4-6PM
370,FP,REDEEMED CHRISTIAN CHURCH OF GOD INTERNATIONAL,3479554403,781 EAST 93RD STREET,Brooklyn,11236,SAT,1-3PM
371,FP,"RESCUE MINISTRY\MINISTERIO RESCATE, INC.",7184484454,2083 RICHMOND TERRACE,Staten Island,10302,TUE,11:30AM-1PM
372,FP,RESURRECTION AND LIFE PENTECOSTAL CHURCH,7186172399,870 EAST 163RD STREET,The Bronx,10459,TUE/SAT/SUN,12-1PM/10A-2P/1-2PM
373,FP,RHOW BROOKLYN INC,7188751858,360 SCHERMERHORN STREET,Brooklyn,11217,"SAT (2,3,4)",9-10:30AM
374,SK,RHOW BROOKLYN INC,7188751858,360 SCHERMERHORN STREET,Brooklyn,11217,"M,TUE,FRI",9-10AM
375,FP,"RIDGEWOOD OLDER ADULT CENTER & SERVICES, INC",7184562000,59-14 70TH AVE,Queens,11385,"TUE(SR ONLY),WED,T",U1R0:30AM-12:30PM
376,FP,RIVER FUND,7184411125,89-11 LEFFERTS BLVD (RICHMOND HILL),Queens,11418,SAT,8-11AM
377,FPM,RIVER FUND MOBILE - BROOKLYN,7184411125,CORNER OF LINDEN BLVD & CRESCENT STREET,Brooklyn,11208,"TUE (2ND,4TH)",9-11AM
378,FP,RIVERStaten IslandDE CHURCH FOOD PANTRY,2128706760,91 CLAREMONT AVE @ 120TH STREET,New York,10027,TUE-FRI,9AM-1PM
379,FP,RUSH TEMPLE A.M.E. CHURCH,7185295719,119-48 SUTPHIN BOULEVARD,Queens,11434,TUE,9-10AM
380,SK,RUSH TEMPLE A.M.E. ZION CHURCH,7185295719,119-48 SUTPHIN BOULEVARD,Queens,11434,WED,12-1:30PM
381,FP,SAINT TERESA CHURCH - SAINT VINCENT DePAUL SOCIETY,7187842123,50-20 45TH STREET (WOODStaten IslandDE),Queens,11377,TUE,5:30-6:30PM
382,FP,SALEM UNITED METHODIST CHURCH,2126782700,2190 ADAM CLAYTON POWELL JR. BLVD,New York,10027,FRI,11AM-1PM
383,SK,SALEM UNITED METHODIST CHURCH,2126782700,2190 ADAM CLAYTON POWELL JR BLVD,New York,10027,WED,12:30-3PM
384,FP,SALT & SEA MISStaten IslandON CHURCH INC.,7184737979,2417-2419 STILLWELL AVE,Brooklyn,11223,"TUE, THUR",12-2PM
385,FP,"SANCTIFIED CHURCH OF GOD, INC/COMMUNITY FEEDING P",7184932385,404 LEFFERTS AVE,Brooklyn,11225,SAT,12-1PM
386,FP,SECOND CHANCE AGAPE WORSHIP CENTER,9174163697,200-12 HOLLIS AVENUE,Queens,11412,THUR,12-2PM
387,FP,"SECOND ST. PAUL CHURCH OF CHRIST, DISCIPLE OF CHRI",7182358922,1048 SUTTER AVE,Brooklyn,11208,"SAT(2,4)",8-10AM
388,FPK,SEPHARDIC BIKUR HOLIM FOOD PANTRY,7187871100,425 KINGS HIGHWAY,Brooklyn,11223,"M,TU,W,TH/FRI/TU,TH",9A-12:30P/9-11A/2-3:30P
389,FPK,SHALOM SENIOR CENTER,7187749213,483 ALBANew York AVE,Brooklyn,11203,MON-THUR/FRI,2-3PM/1-2PM
391,FP,SHILOH SDA,7187714103,449 EASTERN PARKWAY,Brooklyn,11216,THUR,9:30-11:30AM
392,FP,SHILOH TEMPLE PENTECOSTAL CHURCH,7188828909,719 EAST 223RD STREET,The Bronx,10466,TUE,9AM-1PM
393,SK,SHILOH TEMPLE PENTECOSTAL CHURCH,7188828909,719 EAST 223RD STREET,The Bronx,10466,THUR,12-1PM
394,FPK,SHOREFRONT JEWISH COMMUNITY COUNCIL,7187430575,128 BRIGHTON BEACH AVE - 4TH FLOOR,Brooklyn,11235,MON-THUR/FRI,9AM-5PM/9AM-2PM
395,FPK,SHOREFRONT JEWISH COMMUNITY COUNCIL,7187430575,3014 BRIGHTON 6TH STREET,Brooklyn,11235,THUR,9AM-5PM
396,FP,Staten IslandLOAM PRESBYTERIAN CHURCH FOOD PANTRY,7187897050,260 JEFFERSON AVENUE,Brooklyn,11216,WED,10AM-12PM
397,FP,SKYLIGHT CENTER,7187202585,307 ST. MARKS PLACE,Staten Island,10301,TUE,2-3PM
398,FP,SOLID ROCK BAPTIST CHURCH,7183848764,120 TOMPKINS AVE,Brooklyn,11206,"MON,THUR",9AM-12PM
399,FP,SOLID ROCK SDA CHURCH,7184749306,5205 ROCKAWAY BEACH BLVD,Queens,11691,WED,10-11AM
400,FP,SOUTH AStaten IslandAN COUNCIL FOR SOCIAL SERVICES,7183217929,143-06 45TH AVENUE,Queens,11355,FRI,11AM-4PM
401,FP,SOUTH BrooklynLYN SDA CHURCH COMMUNITY SERVICE PROGR,7187831662,42 PROSPECT PLACE,Brooklyn,11217,"SUN(1,3)",11AM-2PM
402,FP,SOUTH OZONE PARK SEVENTH DAY ADVENTIST CHURCH,7183229210,120-12 140TH STREET,Queens,11436,"FRI(4TH), SUN (2ND)",12-2PM
403,SK,SOUTHERN BAPTIST CHURCH,2126636549,12 WEST 108TH STREET,New York,10025,WED,12-1:30PM
404,FP,"SOUTHStaten IslandDE UNITED H.D.F.C., INC - LOS SURES",7185991940,145 SOUTH 3RD STREET,Brooklyn,11211,TUE/WED,9AM-12PM/4-6PM
405,FP,SPANISH SDA CHURCH FOOD PANTRY,7189917362,1038 PROSPECT AVENUE,The Bronx,10459,THUR,8:30-11:30AM
406,FP,SPANISH SOUNDVIEW SDA CHURCH,7188427373,1822 LACOMBE AVENUE,The Bronx,10473,WED(2 & LAST),8AM-12:30PM
407,FP,ST. ANN'S CHURCH OF MORRISANIA,7185855632,295 ST. ANN'S AVENUE,The Bronx,10454,"WED,FRI",10:30AM-2PM
408,SK,ST. ANN'S CHURCH OF MORRISANIA,7185855632,295 ST. ANN'S AVENUE,The Bronx,10454,SUN,11:30AM-2PM
409,SK,ST. ANTHONew York'S CHURCH,7189314040,1750 MANStaten IslandON STREET,The Bronx,10460,SAT,11AM-2PM
410,FP,ST. AUGUSTINE FOOD PANTRY,7182134458,1168 FRANKLIN AVENUE,The Bronx,10456,MON,10:30AM-1:30PM
411,FP,ST. AUGUSTINE'S AMERICAN CATHOLIC CHURCH,7187731338,298 SCHENECTADY AVENUE,Brooklyn,11213,FRI,1-3PM
412,FP,ST. AUGUSTINE'S CHURCH,7187833132,116 6TH AVENUE,Brooklyn,11217,SAT,10AM-12PM
413,FP,ST. BRENDAN & ST. ANN PARISH,7185476655,268 EAST 207TH STREET,The Bronx,10467,SAT (2ND),8-9AM
414,FP,ST. CECILIA'S PARISH SERVICES,2123480488,125 EAST 105TH STREET,New York,10029,WED,9:30-11AM
415,FP,ST. CHARLES BORROMEO CHURCH,2122812100,211 WEST 141ST STREET,New York,10030,SAT,8:30-10AM
416,FP,ST. EDMUNDS YOUTH PROGRAM INC,7184669370,1905 MORRIS AVENUE,The Bronx,10453,THUR,12-2PM
417,FP,ST. EDWARD FOOD PANTRY,7189841625,6581 HYLAN BOULEVARD,Staten Island,10309,"MON,WED,SAT",10AM-1PM
418,SK,ST. IGNATIUS EPISCOPAL CHURCH,2125803326,552 WEST END AVE,New York,10024,MON/SAT,6:45-7:15PM/3:45-4:15PM
419,FP,ST. JOHN'S BREAD & LIFE FOOD PANTRY,7185740058,795 LEXINGTON AVE,Brooklyn,11221,M-THU/FRI(SR.ONLY),9-10:30AM
420,SK,ST. JOHN'S BREAD & LIFE PROGRAM,7185740058,795 LEXINGTON AVE,Brooklyn,11221,MON-FRI,8-9:3AM&10:3AM-12:3PM
421,FP,ST. JOHN'S BREAD OF LIFE,2125649070,213 WEST 30TH STREET,New York,10001,WED,12:15-2:30PM
422,FP,ST. JOSEPH OF THE HOLY FAMILY FOOD PANTRY,2126629125,405 WEST 125TH STREET,New York,10027,SAT,8AM-12PM
423,SK,ST. JOSEPHS SOUP KITCHEN INCORPORATED,2127411274,371 6TH AVE. & WASHINGTON PL.,New York,10014,SAT,1:30PM-3PM
424,FP,ST. LUKE BAPTIST CHURCH FOOD PANTRY,7182767066,133-28 232ND STREET,Queens,11413,WED,12-1PM
425,FP,ST. LUKES FOOD PANTRY,7186656677,623 EAST 138TH STREET,The Bronx,10454,FRI,10AM-12PM
426,SK,ST. LUKE'S SENIOR COMMUNITY PROGRAM,7188823060,777 EAST 222ND STREET,The Bronx,10467,MON-FRI,12-1PM
427,FP,ST. MARGARET MARY CHURCH,7187219020,9-18 27TH AVENUE,Queens,11102,"TUE, THUR, FRI",11AM-12PM
428,FP,ST. MARK AME CHURCH/THE VOICE OF HAGAR,7182050506,95-18 NORTHERN BLVD,Queens,11372,"TUE (1,2,3,4)",12-2:45PM
430,FP,ST. MARK THE EVANGELIST CHURCH,2122814931,65 WEST 138TH STREET,New York,10037,"SAT(1,2,3,4)",10AM-12PM
431,SK,ST. MARK'S CHURCH OF CHRIST,7184673719,439 RALPH AVE,Brooklyn,11233,"MON,WED,FRI",12-1PM
432,FP,ST. MARY STAR OF THE SEA,7183271133,19-20 NEW HAVEN AVENUE,Queens,11691,"TUE,FRI",1-2:30PM
433,FP,ST. MARY'S EPISCOPAL CHURCH FOOD PANTRY,2122223043,521 WEST 126TH STREET,New York,10027,MON,4-6PM
434,FP,ST. MATTHEW'S ROMAN CATHOLIC CHURCH,7187746747,1342 LINCOLN PLACE,Brooklyn,11213,"TUE (1,2,3,4)",9AM-12PM
435,SK,ST. MICHAEL'S CHURCH,2122222700,225 WEST 99TH STREET,New York,10025,SAT,10-11:45AM
436,FP,ST. NICHOLAS OF TOLENTINE CHURCH- F.P.,7189693226,150-75 GOETHALS AVENUE,Queens,11432,THUR,9AM-12PM
437,FP,ST. PATRICK'S ROMAN CATHOLIC CHURCH,7187296060,39-38 29TH STREET (LIC),Queens,11101,SAT (3RD),10AM-12PM
438,FP,ST. PAUL PENTECOSTAL CHURCH,9176049644,133 THOMAS S BOYLAND STREET,Brooklyn,11233,SAT,11AM - 1PM
439,FP,ST. PAUL'S HOUSE INC.,2122655433,335 WEST 51ST STREET,New York,10019,TUE,10-11AM
440,SK,ST. PAUL'S HOUSE INC.,2122655433,335 WEST 51ST STREET,New York,10019,"MON,WED,FRI",7:15-8:30AM
441,FP,ST. PAUL'S LUTHERAN CHURCH,7188224535,1891 McGRAW AVENUE,The Bronx,10462,FRI,8-10AM
442,SK,ST. PETER'S CHURCH BREAKFAST PROGRAM,2129352200,619 LEXINGTON AVE. @ 54TH ST.,New York,10022,TUE,7:15-8AM
443,FP,ST. PETER'S FOOD PANTRY,2129292390,346 WEST 20TH ST. NR. 9TH AVE,New York,10011,SAT,11AM-12:30PM
444,FP,ST. PETER'S LOVE PANTRY,7189319270,2500 WESTCHESTER AVENUE,The Bronx,10461,"TUE (1,3)",10AM-12PM
445,FP,ST. PHILIP'S CHRISTIAN CHURCH,7184530691,765 LAFAYETTE AVE,Brooklyn,11221,THUR,12-2PM
446,FP,ST. PHILIP'S EPISCOPAL/ST. BENEDICT'S PANTRY,7187788700,265 DECATUR STREET,Brooklyn,11233,WED,11AM-1PM
447,FP,ST. RAPHAEL CHURCH FOOD PANTRY,7187298957,"35-20 GREENPOINT AVE, LIC",Queens,11101,THUR/SAT,10:3A-12P/1:3-3P
448,FP,ST. STEPHEN OUTREACH COMMUNITY DEVELOPMENT COR,7189384532,874 MYRTLE AVENUE,Brooklyn,11206,"WED,FRI",9-10:30AM
449,SK,ST. STEPHEN OUTREACH COMMUNITY DEVELOPMENT COR,7189384532,874 MYRTLE AVENUE,Brooklyn,11206,WED-FRI,11AM-1PM
450,FP,ST. TERESA OF AVILA,7186228728,560 STERLING PLACE,Brooklyn,11238,"THUR (1,2,3,4)",8-11AM
451,FP,ST. TERESA OF AVILA COMMUNITY SERVICES,7185293587,129-04 109TH AVENUE,Queens,11420,"MON,THUR",9-11AM
452,FP,ST. THERESE OF LIStaten IslandEUX R.C. CHURCH,7184510683,4410 AVENUE D,Brooklyn,11203,TUE,10:30AM-12:30PM
453,SK,STAPLETON U.A.M.E. CHURCH,7182732857,49 TOMPKINS AVENUE,Staten Island,10304,MON/WED,3-4PM/12-1PM
454,FP,STAPLETON U.A.M.E. CHURCH,7182732857,49 TOMPKINS AVE,Staten Island,10304,"TUE,FRI",10AM-1PM
455,FP,STATEN ISLAND SDA CHURCH,7184424806,80 UNION AVE,Staten Island,10303,SUN,10AM-2PM
456,FP,TABERNACLE OF PRAYER,7186574210,90-07 MERRICK BLVD,Queens,11432,FRI,10-11:30AM
457,FP,TAURUS ASSOCIATES INC.,7185262177,240-08 135TH AVENUE,Queens,11422,WED,3-5PM
458,SK,TEMPLE SHAARAY TEFILA,2125358008,250 EAST 79TH STREET,New York,10075,WED,12-1PM
459,FP,THE CAMPAIGN AGAINST HUNGER,7187733551,2004 FULTON STREET,Brooklyn,11233,MON/TUE-FRI,10AM-3PM/10AM-6PM
460,FP,THE CHURCH OF ST. MARK,7187566607,1417 UNION STREET,Brooklyn,11213,"MON(1,2,3,4)",5-7:30PM
461,FPH,THE COMMUNITY FOOD PANTRY,7189602262,1363 OGDEN AVE,The Bronx,10452,TUE/THUR/1ST SAT,10AM-12PM/1-3PM/10AM-12PM
462,FP,THE FLOW KINGDOM MINISTRIES,3474314326,901 EAST TREMONT AVENUE,The Bronx,10469,MON,5-7PM
463,FP,THE GRACE OF GOD MINISTRIES-CHURCH INC,3476977843,963 EAST 233RD STREET,The Bronx,10466,SAT,9-10AM
464,FP,"THE HARDING FORD VIStaten IslandON, INC",7182919281,"157-22 TUSKEGEE AIRMEN WAY, JAMAICA",Queens,11433,WED/SAT,10AM-12PM/2-4PM
465,SK,"THE HARDING FORD VIStaten IslandON, INC",7182919281,"157-22 TUSKEGEE AIRMEN WAY, JAMAICA",Queens,11433,WED,10AM-12PM
466,FP,THE LEGACY CENTER COMMUNITY DEVELOPMENT CORP,7184564852,71-02 CYPRESS HILL STREET (GLENDALE),Queens,11385,FRI,10AM-1PM
467,FP,THE SALVATION ARMY ASTORIA CORPS,7187219046,45-18 BROADWAY,Queens,11103,"WED (2,4)",9:30-11:30AM
469,FP,THE SALVATION ARMY BEDFORD TEMPLE CORPS,7186229020,601 LAFAYETTE AVENUE,Brooklyn,11216,WED,10AM-12PM
470,FP,THE SALVATION ARMY BRONX CITADEL,7186658472,425 EAST 159TH STREET,The Bronx,10451,"TUE(1,2,3,4)",10AM-12:30PM
471,SK,THE SALVATION ARMY BRONX CITADEL,7186658472,425 EAST 159TH STREET,The Bronx,10451,"MON,WED,FRI",1-2PM
472,SK,THE SALVATION ARMY BUSHWICK CORPS,7184554102,1151 BUSHWICK AVENUE,Brooklyn,11221,"M,TU,TH,FRI",12:30-2PM
473,FP,THE SALVATION ARMY BUSHWICK CORPS,7184554102,1151 BUSHWICK AVENUE,Brooklyn,11221,"M,TU,TH,FRI",10AM-12PM
474,FP,THE SALVATION ARMY JAMAICA CITADEL CORPS,7182974860,90-23 161ST STREET,Queens,11432,THUR,10-11AM
475,SK,THE SALVATION ARMY JAMAICA CITADEL CORPS,7182974860,90-23 161ST STREET,Queens,11432,MON-WED,12PM-1PM
476,FP,THE SALVATION ARMY MANHATTAN CITADEL,2128603200,175 EAST 125TH STREET,New York,10035,MON-FRI,9AM-3PM
477,FP,THE SALVATION ARMY NEW YORK TEMPLE CORPS,2123377467,132 WEST 14TH STREET (GROUND FLOOR),New York,10011,MON-FRI,9:30-11AM & 1:30-3PM
478,FP,THE SALVATION ARMY QUEENS TEMPLE CORP,7183353693,86-07 35TH AVENUE,Queens,11372,WED,10-11:30AM
479,FP,THE SALVATION ARMY STAPLETON CORPS,7184488480,15 BROAD STREET,Staten Island,10304,TUE-THUR,12:30-2:30PM
480,SK,THE SALVATION ARMY STAPLETON CORPS,7184488480,15 BROAD STREET,Staten Island,10304,"MON,FRI",11:30AM-12:30PM
481,FP,THE SALVATION ARMY SUNSET PARK CORPS,7184381771,520 50TH STREET,Brooklyn,11220,TUE,10AM-12PM
482,SK,THE SALVATION ARMY SUNSET PARK CORPS,7184381771,520 50TH STREET,Brooklyn,11220,MON-FRI,12-1PM
483,SK,THE SALVATION ARMY TEMPLE CORP.,7183353693,86-07 35TH AVENUE,Queens,11372,MON-FRI,12-1PM
484,FP,THE TABLE AT THE FAMILY SUPPORT CENTER AT New YorkU LAN,7186307171,6025 6TH AVENUE,Brooklyn,11220,FRI,10AM-2PM
485,FP,THESSALONIA BAPTIST CHURCH,7185420828,951 REV. JAMES POLITE AVE,The Bronx,10459,TUE,10:30-11:30AM
486,FP,THORPE FAMILY REStaten IslandDENCE,7182952550,406 EAST 184TH STREET,The Bronx,10458,WED,8:30-9:30AM
487,SK,THURSTON MEMORIAL OUTREACH MINISTRIES,7184523646,1243 BUSHWICK AVENUE,Brooklyn,11221,FRI,5-7:30PM
488,FP,THURSTON MEMORIAL OUTREACH MINISTRIES,7184523646,1243 BUSHWICK AVE,Brooklyn,11221,FRI,5-7:30PM
489,FP,TOLENTINE ZEISER COMMUNITY LIFE,7182202824,2345 UNIVERStaten IslandTY AVE (BASEMENT FORDHAM RD ENT.),The Bronx,10468,WED,9AM-12:30PM
490,FPK,TOMCHE SHABBOS OF BORO PARK,7182595576,6225 NEW UTRECHT AVE,Brooklyn,11219,THUR,3-5PM
491,FP,TRANSFIGURATION CHURCH,7187828181,263 & 280 MARCY AVENUE,Brooklyn,11211,MON-THUR,9AM-12PM
492,FP,TRINITY HUMAN SERVICE CORPORATION,7183883176,153 A JOHNSON AVENUE,Brooklyn,11206,TUE-FRI,9AM-12PM&1-4PM
493,FP,"TRINITY'S SERVICES AND FOOD FOR THE HOMELESS, INC.",2122285254,602 EAST 9TH STREET,New York,10009,MON-THUR,12:30-1:30PM
494,SK,"TRINITY'S SERVICES AND FOOD FOR THE HOMELESS, INC.",2122285254,602 EAST 9TH STREET,New York,10009,MON-FRI,11AM-12PM
495,FP,TRIUMPHANT FULL GOSPEL ASSEMBLY,7187744696,889 RUTLAND ROAD,Brooklyn,11203,THUR,4-6PM
496,FP,TRUE HOLY CHURCH OF GOD IN CHRIST JESUS,7183850248,2364 ATLANTIC AVENUE,Brooklyn,11233,SAT,10AM-12PM
497,FPK,UJC OF THE EAST Staten IslandDE,2124753857,15 WILLETT STREET,New York,10002,FRI,9:30-11:30AM
498,FP,UNION BAPTIST CHURCH,7184527248,461 DECATUR STREET,Brooklyn,11233,WED,12-2PM
499,FP,UNION GROVE BAPTIST CHURCH,7183281444,1488 HOE AVENUE,The Bronx,10460,WED,9-11AM
500,SKM,"UNITED BRONX PARENTS, INC.",7189917100,603 PROSPECT AVENUE,The Bronx,10455,MON-FRI,2:30-4PM
501,FP,"UNITED CHURCH OF PRAISE INTERNATIONAL MINISTRIES, I",7183148779,32 SANDS STREET,Staten Island,10304,"FRI,SUN",1-3PM
502,SK,UNITED COMMUNITY BAPTIST CHURCH,3474466254,545 UTICA AVE,Brooklyn,11203,SAT,10AM-12PM
503,SK,UNITED METHODIST CENTER IN FAR ROCKAWAY,7183275071,1032 BEACH 19TH STREET (NEAR MOTT AVE),Queens,11691,MON-FRI,1-2PM & 5-9PM
504,FP,UNITED METHODIST CENTER IN FAR ROCKAWAY,7183275071,1032 BEACH 19TH STREET (NEAR MOTT AVE),Queens,11691,"TUE,THUR",9-10AM
505,SK,"UNIVERStaten IslandTY COMMUNITY SOCIAL SERVICES, INC",3478502230,137 EAST 2ND STREET,New York,10009,SAT,8AM-12PM&1-2:30PM
506,FP,UPPER MANHATTAN MENTAL HEALTH CENTER,2126949200,1727 AMSTERDAM AVE @ 145TH,New York,10031,"TUE,WED,THUR",1:30-3:30PM
508,FP,URBAN STRATEGIES INC,7183462539,61-71 RIVERDALE AVENUE,Brooklyn,11212,TUE,8-10AM
509,FP,V.E.T.S. INC,7182062376,111-16 173RD STREET,Queens,11433,FRI,10AM-12PM
510,FP,"VETS INC, HOLLIS GARDENS",6462611973,202-14 HOLLIS AVENUE,Queens,11429,THUR,3-5PM
511,FP,VFW #5298,5165825426,143-17 SPRINGFIELD BLVD,Queens,11413,WED,5-7PM
512,FP,VINEYARD INTERNATIONAL CHRISTIAN MINISTRIES,7185389211,1140 TELLER AVE,The Bronx,10456,SAT,10AM-12PM
513,FP,VIStaten IslandON URBANA,6466269748,66 ESSEX STREET,New York,10002,"MON,TUE",10AM-12PM
514,FP,"WAY OUT CHURCH MINISTRIES, INC",7186658069,520 EAST 148TH STREET,The Bronx,10455,"TUE,THUR",8-10AM
515,FP,WEST HARLEM GROUP ASStaten IslandSTANCE,2126907900,625 LENOX AVE,New York,10031,WED/THUR,10AM-12PM&1:30-3PM/10AM-12
516,FP,WESTStaten IslandDE CAMPAIGN AGAINST HUNGER,2123623662,263 W. 86th St.@ WEST END AVE.,New York,10024,MON/WED-FRI,8A-12P&1-6P/8A-12P&1-3P
517,FP,WHEDCO - FOOD PANTRY,7188391100,50 EAST 168TH STREET,The Bronx,10452,WED,9:30-10:30AM
518,FP,WHOSOEVER WILL BAPTIST CHURCH,3475280013,1651 POPHAM AVENUE,The Bronx,10453,"SAT(1,2,3,4)",9-11AM
519,SK,WOODYCREST UNITED METHODIST CHURCH,7185387500,89 WEST 166TH STREET,The Bronx,10452,WED,12-2PM
520,FP,WORD OF LIFE CHRISTIAN FELLOWSHIP,7188615678,830 UNION AVENUE,The Bronx,10459,THUR(SR)/ SAT,11AM-4PM/10AM-4PM
521,FP,WORLDWIDE MISStaten IslandONARY MOVEMENT/CENTRO EVANGELI,2125675620,148 POST AVE,New York,10034,SAT,9AM-1PM
522,SK,XAVIER MISStaten IslandON INC,2126272100,55 WEST 15TH STREET,New York,10011,SUN,12:30-3PM
523,FPK,ZICHRON ACHEINU LEVY-MENACHEM TZION,3477420552,928 44TH STREET,Brooklyn,11219,FRI,11:30AM-12:30PM
